s_no,asi_circle,monument,domestic_2019_20,foreign_2019_20,domestic_2020_21,foreign_2020_21,domestic_2021_22,foreign_2021_22,domestic_2022_23,foreign_2022_23,domestic_2023_24,foreign_2023_24,domestic_2024_25,foreign_2024_25,flag_2022_23_mismatch,flag_source_anomaly
1,Agra,Taj Mahal,4429710.0,645415.0,1259892.0,9034.0,3294611,38922.0,5052712.0,396900.0,6098876,681339,6264225,645624,False,False
2,Agra,Agra Fort,1627154.0,386522.0,371242.0,2810.0,1027462,13598.0,1722213.0,139400.0,1410397,218144,1545550,224924,False,False
3,Agra,Fatehpur Sikri,454376.0,184751.0,107835.0,574.0,157253,2122.0,443689.0,62238.0,315212,93963,443158,97441,False,False
4,Agra,Akbar Tomb Sikandra,229270.0,19625.0,99509.0,321.0,187182,1028.0,267509.0,9175.0,199310,15914,218139,16368,False,False
5,Agra,"Mariam Tomb, Sikandra",22517.0,414.0,9765.0,31.0,17537,98.0,39335.0,338.0,18201,162,18159,203,False,False
6,Agra,Itimad-ud- Daulah Tomb,132800.0,82692.0,41016.0,410.0,90711,1927.0,152495.0,44390.0,186037,84326,185282,90367,False,False
7,Agra,Ram Bagh,84051.0,355.0,18599.0,54.0,30965,95.0,67489.0,1841.0,56792,2073,45707,546,False,False
8,Agra,Mehtab Bagh,178574.0,62325.0,62652.0,544.0,86213,1653.0,111302.0,17079.0,116458,24584,129153,27516,False,False
9,Agra,Mausoleum,474462.0,12536.0,91185.0,321.0,317653,643.0,766014.0,882.0,709754,4142,578712,8218,False,False
10,Lucknow,Site of Sahet Mahet,74597.0,13628.0,27201.0,35.0,51796,306.0,93790.0,43360.0,108968,71120,105345,73312,False,False
11,Lucknow,Residency Buildings,116348.0,3367.0,57194.0,37.0,111829,130.0,152480.0,1789.0,169387,3571,156542,4220,False,False
12,Lucknow,Piprahwa & Ganwaria,38342.0,3098.0,12062.0,3.0,23153,101.0,37817.0,5620.0,46824,18061,38375,19317,False,False
13,Jhansi,"Gupta & Varah Temple, Deogarh",1348.0,32.0,931.0,0.0,1636,0.0,934.0,13.0,1844,18,2238,20,False,False
14,Jhansi,Kalinjar Fort,81507.0,137.0,80291.0,27.0,88603,7.0,95957.0,162.0,116701,192,128447,387,False,False
15,Jhansi,Rani Lakshmi Bai Mahal,15954.0,50.0,5712.0,5.0,10836,0.0,15470.0,27.0,23082,43,26359,43,False,False
16,Jhansi,Rani Jhansi Fort,361294.0,705.0,174622.0,107.0,310233,58.0,409822.0,292.0,470724,611,521136,625,False,False
17,Sarnath,Lord Cornwallis Tomb,18318.0,85.0,5289.0,9.0,7086,14.0,9148.0,90.0,15008,125,25710,113,False,False
18,Sarnath,Old Fort (Shahi Fort) Jaunpur,198922.0,114.0,67163.0,127.0,123344,201.0,167409.0,343.0,181562,272,150737,115,False,False
19,Sarnath,Observatory of Man Singh,83059.0,954.0,21379.0,11.0,36267,28.0,61542.0,511.0,135280,1179,85382,913,False,False
20,Sarnath,Excavated Remains at Sarnath,485309.0,100590.0,170590.0,384.0,328684,1617.0,755062.0,54743.0,776827,76785,744213,59086,False,False
21,Sarnath,Tomb of Lal Khan,6819.0,9.0,1972.0,2.0,2515,4.0,4804.0,32.0,4480,20,5907,50,False,False
22,Sarnath,Ancient Buddhist Site know as Chaukhandi stupa,55144.0,5186.0,14956.0,46.0,,,,,47495,5816,36423,5351,False,False
23,Thrissur,"Bekal Fort, Pallikkare Distt. Kasargod",334846.0,728.0,115333.0,242.0,200127,133.0,384008.0,498.0,366905,534,374766,516,False,False
24,Thrissur,Mattancherry Palace Museum Kochi,300465.0,79355.0,23026.0,177.0,65066,1118.0,281735.0,28218.0,-,-,-,-,False,False
25,Thrissur,Fort Palakkad,174589.0,241.0,43927.0,26.0,96142,10.0,258812.0,252.0,295091,410,265090,434,False,False
26,Thrissur,"Fort St. Angelo, Kannur",234518.0,3305.0,65683.0,115.0,152543,59.0,270433.0,4572.0,240382,818,242895,1074,False,False
27,Chennai,"Group of Monuments, Mamallapuram",1260358.0,53422.0,808145.0,29145.0,1142150,7532.0,1507208.0,28033.0,1212022,44943,967048,41416,False,False
28,Chennai,Gingee Fort,107073.0,1736.0,125109.0,2272.0,188496,555.0,179289.0,1896.0,169718,1745,149329,1411,False,False
29,Chennai,"Tiger headed Rock cut temple & two other monuments, Saluvankuppam",43733.0,1063.0,58206.0,868.0,81313,258.0,62765.0,1014.0,49903,1109,42684,1324,False,False
30,Chennai,"Fort, St. George",,,,,,,,,24254,5474,24664,7313,False,False
31,Thiruchirapalli,"Fort on Rock, Dindigul",24657.0,94.0,25603.0,99.0,27368,4.0,36071.0,57.0,31763,77,36711,241,False,False
32,Thiruchirapalli,Moovarkoil Kodambalur,19114.0,46.0,1476.0,9.0,829,0.0,1874.0,4.0,2277,5,2517,14,False,False
33,Thiruchirapalli,"Rock Cut Jain Temple, Sittanavasal",31876.0,188.0,41791.0,235.0,44408,49.0,56425.0,116.0,54583,230,44538,173,False,False
34,Thiruchirapalli,"Tirumalai Nayak's Palace, Srivilliputhur",30046.0,460.0,217.0,3.0,530,0.0,856.0,0.0,911,3,927,0,False,False
35,Thiruchirapalli,"Natural Caven with Inscription Eladipattam, Sittannavasal",23928.0,645.0,2490.0,19.0,22800,33.0,19705.0,51.0,20314,28,16744,43,False,False
36,Thiruchirapalli,Fort Museum Tirumayam,294829.0,5259.0,41487.0,1555.0,62622,27.0,93833.0,713.0,93109,694,90100,990,False,False
37,Thiruchirapalli,Fort Vattakottai,159492.0,340.0,5058.0,36.0,53200,0.0,106838.0,158.0,114090,242,99669,366,False,False
38,Bhopal,"Buddhist Caves Bagh, Mandu",19920.0,42.0,23692.0,0.0,27260,1.0,29056.0,6.0,25369,26,25091,59,False,False
39,Bhopal,The Palace in the Fort Burhanpur,47305.0,272.0,13926.0,27.0,31284,76.0,36808.0,165.0,32577,280,33258,410,False,False
40,Bhopal,"Hoshang Shah’s Tomb,",130094.0,2017.0,57769.0,39.0,113132,107.0,93038.0,705.0,96548,1176,80429,1274,False,False
41,Bhopal,"Group of Monuments, Royal Palace Mandu",408302.0,2427.0,181868.0,128.0,344821,92.0,319046.0,1027.0,390713,1609,372116,1740,False,False
42,Bhopal,"Roopmati’s Pavilion,",392485.0,1884.0,148680.0,91.0,336231,55.0,282678.0,763.0,327738,1031,276403,1037,False,False
43,Bhopal,"Buddhist Monuments, Sanchi",250706.0,3986.0,58979.0,41.0,118208,171.0,266528.0,3457.0,300068,11692,296042,19490,False,False
44,Bhopal,Gwalior Fort,255734.0,7744.0,101464.0,130.0,203163,209.0,274674.0,3973.0,310867,7933,318649,9660,False,False
45,Bhopal,"Buddhist Cave No.01 to 51, Dhamnar, Tehsil Garoth",32578.0,4.0,12303.0,13.0,24083,65.0,31137.0,65.0,33069,72,34804,134,False,False
46,Bhopal,"Badal Mahal Gateway, Chanderi",13708.0,89.0,9689.0,5.0,11027,6.0,8637.0,51.0,2887,9,14607,125,False,False
47,Bhopal,Caves 1 to 20 Udaygiri Vidisha,53546.0,741.0,11601.0,10.0,35530,42.0,60441.0,539.0,65392,726,68753,878,False,False
48,Bhopal,Bir Singh Palace Datia,23382.0,736.0,14045.0,12.0,26306,29.0,42455.0,433.0,43841,763,42443,943,False,False
49,Bhopal,"Ancient site and Adamgarh Rock Shelter, Kalamdi Rasuliya and Kishanpur",23354.0,18.0,16546.0,8.0,18655,41.0,17962.0,57.0,20248,0,21336,1,False,False
50,Bhopal,"Western Group of Temples, Khajuraho",244995.0,41741.0,128515.0,275.0,243475,795.0,419259.0,15271.0,436517,27082,523075,38478,False,False
51,Bhopal,"Group of Temple, Paramesh var Shiv and Karan Temple, Amarkantak",57408.0,42.0,23598.0,13.0,30981,133.0,44125.0,94.0,50251,145,49323,152,False,False
52,Dharwad,"Durga Temple, Aihole",186767.0,3849.0,75089.0,99.0,98363,69.0,195325.0,2072.0,217316,3245,210076,3825,False,False
53,Dharwad,"Jaina & Vaishnava Cave, Badami",372051.0,6758.0,172259.0,167.0,234156,199.0,427138.0,3271.0,476245,5083,438834,5708,False,False
54,Dharwad,"Group of Monuments (WH), Pattadakal",262144.0,4310.0,123110.0,61.0,157634,79.0,306808.0,2359.0,343720,3662,320326,4289,False,False
55,Dharwad,"Gol-Gumbaz, Vijayapura",813943.0,1683.0,283256.0,75.0,447627,263.0,831109.0,755.0,1005925,1368,857297,1362,False,False
56,Dharwad,"Ibrahim Rauza, Vijayapura",155565.0,1290.0,57759.0,12.0,102094,20.0,187111.0,644.0,217136,1095,188375,1081,False,False
57,Dharwad,"Temples & Sculpture shed, Lakkumdi",13019.0,91.0,5652.0,0.0,8067,273.0,15171.0,104.0,19913,118,20621,179,False,False
58,Hampi,"Group of Monuments, Hampi",587238.0,27006.0,273456.0,627.0,425950,1244.0,809741.0,15890.0,990195,21935,986249,22472,False,False
59,Hampi,Bellary Fort,28723.0,56.0,11069.0,9.0,17263,15.0,14402.0,13.0,38270,40,37401,53,False,False
60,Bangalore,Daryia Daulat Baghtna,646560.0,14016.0,89006.0,306.0,142935,891.0,436759.0,8614.0,547480,12621,500077,15159,False,False
61,Bangalore,Keshava Temple,178425.0,8653.0,64222.0,196.0,75793,662.0,143360.0,5681.0,169182,8510,199083,10744,False,False
62,Bangalore,Palace of Tipu Sultan,256964.0,10719.0,38706.0,270.0,100193,976.0,248490.0,7179.0,260269,11770,216281,13692,False,False
63,Bangalore,Fortress and Temple Chitradurga Fort,338340.0,1095.0,144862.0,297.0,210483,819.0,407714.0,1809.0,446569,2568,381095,3078,False,False
64,Raiganj,Cooch Bihar Palace,465553.0,52.0,126135.0,161.0,2287176,162.0,608776.0,98.0,685216,150,682443,261,False,True
65,Raiganj,Hazarduari Palace,674113.0,1723.0,361546.0,649.0,357127,167.0,910336.0,1148.0,983025,1454,906992,1907,False,False
66,Kolkata,Bishnupur Temples,154986.0,505.0,117107.0,237.0,111814,222.0,185784.0,321.0,196991,464,183156,507,False,False
67,Kolkata,Matcalfe-Hall,605.0,27.0,7818.0,24.0,7812,36.0,17800.0,136.0,22639,210,32280,225,False,False
68,Rajkot,"Asokan Rock Edict, Junagadh",6176.0,168.0,10498.0,16.0,31685,27.0,29110.0,177.0,26193,240,27611,297,False,False
69,Rajkot,"Buddhisht Caves, Junagadh",18755.0,796.0,58.0,0.0,0,0.0,0.0,0.0,18341,165,42610,242,False,False
70,Rajkot,"Baba Pyara Caves, Junagadh & Khaprakodia Caves Junagadh",5858.0,142.0,1691.0,1.0,2715,6.0,2809.0,9.0,2895,11,3323,24,False,False
71,Vadodara,Champaner Monuments Pavagadh,59402.0,1948.0,39014.0,81.0,61303,43.0,65547.0,806.0,56675,1762,52017,1924,False,False
72,Vadodara,"Sun Temple, Modhera",208028.0,3732.0,85407.0,103.0,224982,603.0,379560.0,24166.0,391694,3886,341424,4248,False,False
73,Vadodara,"Rani Ki- Vav, Patan",337134.0,3816.0,96900.0,143.0,268628,228.0,351767.0,2247.0,365892,3636,367768,3977,False,False
74,Vadodara,"Rudabai Step Well, Adalaj",388042.0,7907.0,86840.0,204.0,267707,522.0,369961.0,4837.0,378847,8090,277021,7890,False,False
75,Bhubaneswar,"Sun Temple, Konarak",1997427.0,5294.0,530886.0,142.0,672891,314.0,2405307.0,3608.0,3196903,5070,3571289,5059,False,False
76,Bhubaneswar,Ancient Remains on both Udaigiri & Khandagiri Hills,311115.0,2489.0,73727.0,57.0,98754,119.0,469058.0,1724.0,991292,2721,1240354,2241,False,False
77,Bhubaneswar,Rajarani Temple,16916.0,506.0,8237.0,3.0,12385,52.0,36420.0,644.0,91333,1099,112959,1072,False,False
78,Bhubaneswar,"The Hill Containing Many Valuable Sculptures and Images, Ratnagiri",34562.0,571.0,20616.0,20.0,16316,32.0,32742.0,293.0,40823,554,147824,676,False,False
79,Bhubaneswar,"Ruins of Buddhist Temples and Images, Lalitgiri",44573.0,389.0,18359.0,8.0,24361,260.0,36047.0,269.0,41188,399,52329,454,False,False
80,Aurangabad,Ajanta Caves,273344.0,15899.0,47554.0,82.0,138503,662.0,401086.0,10437.0,452182,18829,442065,20855,False,False
81,Aurangabad,Ellora Caves,1259261.0,21426.0,163313.0,159.0,411915,911.0,1437560.0,12464.0,1740513,19643,1739873,20710,False,False
82,Aurangabad,Tomb of Rabia Dura ni (Bibi Ka Maqbara),1111778.0,9530.0,203791.0,100.0,397374,536.0,1183263.0,5606.0,1295076,9606,2004535,10612,False,False
83,Aurangabad,Daulatabad Fort,515935.0,5729.0,105434.0,49.0,204834,264.0,516144.0,2565.0,547569,3809,545635,4032,False,False
84,Aurangabad,"Pandulena Caves, Nasik",202871.0,1128.0,29.0,0.0,72661,221.0,170146.0,795.0,146016,1048,277313,1222,False,False
85,Aurangabad,Aurangabad Caves,182032.0,2690.0,34976.0,19.0,68642,79.0,115500.0,852.0,132518,1495,126327,1609,False,False
86,Mumbai,Elephanta Caves,686862.0,37891.0,82136.0,281.0,219837,1321.0,464428.0,13368.0,476532,21584,476385,26119,False,False
87,Mumbai,"Buddhist Caves, Kanheri",401808.0,12106.0,213.0,0.0,87182,576.0,327250.0,6063.0,380601,7571,385776,7685,False,False
88,Mumbai,Shaniwarw ada,1128072.0,8505.0,160547.0,87.0,516448,478.0,1079741.0,4899.0,1260792,6542,1127815,6402,False,False
89,Mumbai,"Aga Khan Palace Building, Pune",219939.0,9264.0,18963.0,55.0,41150,197.0,187407.0,3121.0,249513,3645,214392,3837,False,False
90,Mumbai,"Cave, Temple and Inscriptions, Junnar",354946.0,105.0,73899.0,6.0,173143,20.0,404079.0,391.0,479866,844,373182,401,False,False
91,Mumbai,"Caves, Temples and inscriptions, Karla",219758.0,2068.0,51045.0,21.0,156834,150.0,301392.0,2170.0,250417,1860,187184,1817,False,False
92,Mumbai,"Cave, Temple & Inscriptions, Bhaja",80319.0,1872.0,10976.0,24.0,35790,81.0,89302.0,517.0,62666,413,55693,144,False,False
93,Mumbai,Raigad Fort,218338.0,82.0,76438.0,0.0,172058,12.0,297029.0,97.0,219556,101,340940,146,False,False
94,Mumbai,"Kolaba Fort, Alibag",112405.0,112.0,50421.0,12.0,33073,19.0,43176.0,128.0,85088,156,94800,103,False,False
95,Mumbai,"Old Fort, Sholapur",62238.0,45.0,11293.0,1.0,5755,5.0,35485.0,32.0,42956,28,,27,False,False
96,Mumbai,"Janjira Fort, Murd",253315.0,151.0,149221.0,7.0,187947,68.0,276453.0,199.0,291382,207,246804,695,False,False
97,Mumbai,Kondiote Caves,41490.0,591.0,167.0,0.0,9373,76.0,43419.0,310.0,23859,659,25165,595,False,False
98,Mumbai,Lohgad Fort,161651.0,579.0,31042.0,21.0,85972,59.0,275845.0,534.0,136790,207,138327,323,False,False
99,Nagpur,Gawilgarh Fort,43795.0,11.0,5.0,0.0,9219,5.0,22777.0,16.0,29842,27,21609,6,False,False
100,Nagpur,"Ancient Buddhist Remains, comprising monstery stupa rock sculptures inscriptions etc mansar",1596.0,65.0,8.0,0.0,s,8.0,3685.0,33.0,3901,128,3552,92,False,False
101,Chandigarh,Suraj Kund,91447.0,72.0,11132.0,14.0,14651,49.0,12846.0,53.0,11084,8,10732,29,False,False
102,Chandigarh,Sheikj Chillis Tomb,39763.0,46.0,30292.0,75.0,52951,147.0,70332.0,286.0,74729,346,81589,217,False,False
103,Delhi,Khan-I-Khana,1782.0,45.0,3002.0,10.0,3448,30.0,4556.0,40.0,4782,27,4511,45,False,False
104,Delhi,Sultan Garhi Tomb,530.0,6.0,22969.0,233.0,299,5.0,2110.0,4.0,132,6,674,9,False,False
105,Delhi,Tughlaqabad Fort,76135.0,908.0,12856.0,109.0,20925,132.0,127556.0,619.0,32249,316,28176,243,False,False
106,Delhi,Red Fort,2200044.0,91364.0,187380.0,1438.0,1323501,5579.0,2214658.0,49060.0,2794083,84177,2884399,79311,False,False
107,Delhi,Humayuns Tomb,658318.0,202288.0,243836.0,2381.0,392378,4892.0,1162360.0,100136.0,886740,116904,1005606,158043,False,False
108,Delhi,Qutub Minar,2048146.0,255318.0,476063.0,2849.0,1157664,8456.0,1767548.0,115247.0,3123643,220017,3204760,220044,False,False
109,Delhi,Hauzkhas,145544.0,2625.0,39837.0,148.0,45503,152.0,62959.0,1027.0,83857,1305,110405,1663,False,False
110,Delhi,Jantar Mantar,203197.0,6516.0,76108.0,230.0,125545,521.0,268778.0,4673.0,236412,3916,249987,4697,False,False
111,Delhi,Safdarjung Tomb,72938.0,15977.0,56776.0,392.0,74898,627.0,142379.0,5967.0,150012,9770,143474,8413,False,False
112,Delhi,Kotla Firoz Shah,89397.0,810.0,27763.0,106.0,54145,106.0,119053.0,648.0,125734,922,105840,893,False,False
113,Delhi,Purana Qila,662300.0,5493.0,200846.0,936.0,466334,848.0,598708.0,2445.0,261483,1727,192216,1600,False,False
114,Guwahati,Ahom Raja’s Palace,44700.0,175.0,25443.0,69.0,34640,29.0,133792.0,151.0,107024,160,123656,175,False,False
115,Guwahati,Kareghar of Ahom Kings,119912.0,577.0,54595.0,93.0,46408,22.0,242553.0,554.0,217013,788,197111,804,False,False
116,Guwahati,Ranghar Pavillion Jaisagar Ruins,69063.0,546.0,33939.0,75.0,39211,22.0,156804.0,519.0,163162,680,172275,796,False,False
117,Guwahati,Bishnudol Temple,21062.0,118.0,2921.0,0.0,2606,2.0,7453.0,32.0,6539,10,5777,24,False,False
118,Guwahati,"Group of Four Maidams Charaideo, Sibsagar",23111.0,141.0,19866.0,72.0,34809,52.0,93788.0,26.0,47987,86,76896,102,False,False
119,Goa,Upper Fort Aguada,837898.0,8104.0,379726.0,340.0,65676,1057.0,1014969.0,8320.0,1191829,10411,1358790,13025,False,False
120,Hyderabad,Charminar,1151933.0,7803.0,297548.0,182.0,440549,648.0,928808.0,5986.0,1290074,8040,1343503,9562,False,False
121,Hyderabad,Golkonda Fort,1630419.0,20572.0,527096.0,912.0,946972,1511.0,1526718.0,11509.0,1608085,15839,1563524,15958,False,False
122,Hyderabad,Warangal Fort,92690.0,277.0,64339.0,54.0,85946,106.0,137235.0,239.0,108267,242,106447,280,False,False
123,Jaipur,"Ancient Site, Bhangarh",190833.0,1893.0,53946.0,85.0,147549,152.0,184391.0,1450.0,265999,2575,234945,2085,False,False
124,Jaipur,Baori at Abhaneri,66821.0,85732.0,44284.0,115.0,57881,817.0,81401.0,39248.0,100468,96080,101710,116378,False,False
125,Jaipur,Deeg Bhawan,28510.0,1067.0,12772.0,30.0,33004,27.0,32624.0,383.0,39755,245,37987,366,False,False
126,Jodhpur,Chittaurgarh Fort,565133.0,15188.0,223328.0,206.0,590389,288.0,802807.0,7155.0,887218,13118,1057243,12930,False,False
127,Jodhpur,Kumbhalgarh Fort,495276.0,11208.0,203050.0,208.0,324707,257.0,389625.0,4759.0,343183,7390,378780,9342,False,False
128,Jodhpur,Marble Pavillion and balustrade on the Ana Sagar Bund and ruins of the marble hammam behind the Ana Sagar Bund,241299.0,98.0,131764.0,141.0,456924,23.0,709581.0,176.0,547782,150,370056,152,False,False
129,Leh,Ancient Palace Leh,56639.0,5671.0,2047.0,6.0,52402,176.0,60052.0,2610.0,87097,7924,86277,7660,False,False
130,Patna,Remains of Patliputra Site of Mauryan Place Kumrahar,109962.0,207.0,25834.0,25876.0,81013,11.0,110985.0,178.0,125570,1322,129868,1766,False,False
131,Patna,"Ancient site of Vaishali, Kolhua",89631.0,12962.0,49207.0,49213.0,46095,28.0,108428.0,9673.0,71084,25602,70289,28795,False,False
132,Patna,"Excavated Site, Nalanda",437506.0,26903.0,105748.0,105816.0,179597,281.0,390047.0,37456.0,492386,65506,501000,88151,False,False
133,Patna,Ancient Site of Vikramshila,65573.0,436.0,27583.0,27583.0,33322,0.0,75411.0,115.0,79240,588,97891,461,False,False
134,Patna,Sher Shah’s Tomb,208177.0,153.0,95051.0,95133.0,166266,17.0,261548.0,59.0,302528,154,311750,231,False,False
135,Raipur,"Temple of Laxman and old sites including sculptures Sirpur Temple, Sirpur",63759.0,96.0,44742.0,44746.0,53049,1.0,62971.0,19.0,85422,67,81085,34,False,False
136,Shimla,Ruined fort Kangra Fort),91306.0,1758.0,100454.0,252.0,81894,351.0,124883.0,1233.0,137731,2478,127818,3067,False,False
137,Shimla,"Rock-cut Temples and Sculptures, Masrur",73439.0,1709.0,53123.0,209.0,40771,272.0,51355.0,1040.0,52434,2603,41624,1341,False,False
138,Srinagar,"Palace complex at Ramnagar, Distt. Udhampur",6610.0,0.0,2129.0,0.0,5595,0.0,5584.0,0.0,6737,0,5963,0,False,False
139,Srinagar,"Avantiswamin Temple, Avantipur District Pulwana",9939.0,32.0,5706.0,8.0,24957,6.0,44336.0,99.0,43389,385,41685,276,False,False
140,Srinagar,"Group of Temples, Kiramchi, District Udhampur",5731.0,4.0,5816.0,0.0,7383,8.0,8225.0,9.0,16807,12,13842,15,False,False
141,Amaravati,Amaravati,8038.0,285.0,1864.0,0.0,3741,17.0,5584.0,0.0,6181,106,7819,271,False,False
142,Amaravati,Undavalli Caves,109307.0,494.0,52924.0,89.0,77133,40.0,127594.0,362.0,136853,411,146263,374,False,False
143,Amaravati,Nagarjuna Konda,19762.0,35.0,0.0,0.0,2611,0.0,64591.0,379.0,46969,452,59130,696,False,False
144,Amaravati,Chandragiri Monuments,103489.0,109.0,51113.0,38.0,80189,33.0,115676.0,80.0,123200,97,112435,96,False,False
145,Amaravati,"Buddhist Remains, on hill top at Guntupalli W.G. District",22353.0,85.0,10219.0,10.0,14134,22.0,21603.0,66.0,16626,35,13754,47,False,False
